{
  "metadata": {
    "task": "2D",
    "baseline": "fedkdl",
    "rounds": 3,
    "lora_rank": 8,
    "N": 10,
    "dataset": "URPC",
    "alpha": "2p0",
    "seed": 42,
    "topo_path": "environments/2d/topo/N_10/topo_N10_seed42.pkl",
    "data_path": "environments/2d/data/URPC/N_10/data_N10_URPC_a2p0_seed42.pkl",
    "artifacts": {
      "json_path": "/data/nam_nh225051_hust/FedKDL/results/logs_kdl/log_N10_URPC_a2p0_fedkdl_seed42.json",
      "stdout_log_path": "/data/nam_nh225051_hust/FedKDL/results/train_logs/kdl/log_N10_URPC_a2p0_fedkdl_seed42.stdout.log"
    }
  },
  "metrics": {
    "round": [
      1,
      2,
      3
    ],
    "loss": [
      6.177506666666667,
      6.228781111111112,
      8.361052222222222
    ],
    "alive": [
      9,
      9,
      9
    ],
    "min_battery": [
      487.2081803631585,
      474.41636072631695,
      461.62454108947543
    ],
    "tau_round_s": [
      1494.8053007940402,
      1494.8053007940402,
      1494.8053007940402
    ],
    "tau_s2f": [
      78.4421653222776,
      78.4421653222776,
      78.4421653222776
    ],
    "tau_f2f": [
      309.6754192969716,
      309.6754192969716,
      309.6754192969716
    ],
    "tau_f2g": [
      309.7231354717626,
      309.7231354717626,
      309.7231354717626
    ],
    "tau_comp": [
      1106.64,
      1106.64,
      1106.64
    ],
    "tau_cumul_s": [
      1494.8053007940402,
      2989.6106015880805,
      4484.415902382121
    ],
    "avg_payload_kb": [
      131.29296875,
      131.29296875,
      131.29296875
    ],
    "payload_cumul_kb": [
      131.29296875,
      262.5859375,
      393.87890625
    ],
    "e_total": [
      141.02508500075893,
      141.02508500075893,
      141.02508500075893
    ],
    "e_s2f": [
      36.201567858867804,
      36.201567858867804,
      36.201567858867804
    ],
    "e_f2f": [
      16.2036381710509,
      16.2036381710509,
      16.2036381710509
    ],
    "e_f2g": [
      48.77039897084023,
      48.77039897084023,
      48.77039897084023
    ],
    "e_comp": [
      39.84947999999999,
      39.84947999999999,
      39.84947999999999
    ],
    "e_cumul": [
      141.02508500075893,
      282.05017000151787,
      423.0752550022768
    ],
    "lambda_e": [
      0.001,
      0.001,
      0.001
    ],
    "lambda_tau": [
      0.001,
      0.001,
      0.001
    ],
    "joint_cost_round": [
      7.813337052461467,
      7.864611496905912,
      9.996882608017021
    ],
    "joint_cost_cumul": [
      7.813337052461467,
      15.677948549367379,
      25.6748311573844
    ],
    "sensor_train_metrics": [
      {
        "0": {
          "local_mAP50": 0.0,
          "local_mAP50-95": 0.0,
          "local_Prec": 0.0,
          "local_Rec": 0.0
        },
        "1": {
          "local_mAP50": 0.0,
          "local_mAP50-95": 0.0,
          "local_Prec": 0.0,
          "local_Rec": 0.0
        },
        "2": {
          "local_mAP50": 0.0,
          "local_mAP50-95": 0.0,
          "local_Prec": 0.0,
          "local_Rec": 0.0
        },
        "3": {
          "local_mAP50": 0.0,
          "local_mAP50-95": 0.0,
          "local_Prec": 0.0,
          "local_Rec": 0.0
        },
        "4": {
          "local_mAP50": 0.0,
          "local_mAP50-95": 0.0,
          "local_Prec": 0.0,
          "local_Rec": 0.0
        },
        "5": {
          "local_mAP50": 0.0,
          "local_mAP50-95": 0.0,
          "local_Prec": 0.0,
          "local_Rec": 0.0
        },
        "6": {
          "local_mAP50": 0.0,
          "local_mAP50-95": 0.0,
          "local_Prec": 0.0,
          "local_Rec": 0.0
        },
        "7": {
          "local_mAP50": 0.0,
          "local_mAP50-95": 0.0,
          "local_Prec": 0.0,
          "local_Rec": 0.0
        },
        "9": {
          "local_mAP50": 0.0,
          "local_mAP50-95": 0.0,
          "local_Prec": 0.0,
          "local_Rec": 0.0
        }
      },
      {
        "0": {
          "local_mAP50": 0.0,
          "local_mAP50-95": 0.0,
          "local_Prec": 0.0,
          "local_Rec": 0.0
        },
        "1": {
          "local_mAP50": 0.0,
          "local_mAP50-95": 0.0,
          "local_Prec": 0.0,
          "local_Rec": 0.0
        },
        "2": {
          "local_mAP50": 0.0,
          "local_mAP50-95": 0.0,
          "local_Prec": 0.0,
          "local_Rec": 0.0
        },
        "3": {
          "local_mAP50": 0.0,
          "local_mAP50-95": 0.0,
          "local_Prec": 0.0,
          "local_Rec": 0.0
        },
        "4": {
          "local_mAP50": 0.0,
          "local_mAP50-95": 0.0,
          "local_Prec": 0.0,
          "local_Rec": 0.0
        },
        "5": {
          "local_mAP50": 0.0,
          "local_mAP50-95": 0.0,
          "local_Prec": 0.0,
          "local_Rec": 0.0
        },
        "6": {
          "local_mAP50": 0.0,
          "local_mAP50-95": 0.0,
          "local_Prec": 0.0,
          "local_Rec": 0.0
        },
        "7": {
          "local_mAP50": 0.0,
          "local_mAP50-95": 0.0,
          "local_Prec": 0.0,
          "local_Rec": 0.0
        },
        "9": {
          "local_mAP50": 0.0,
          "local_mAP50-95": 0.0,
          "local_Prec": 0.0,
          "local_Rec": 0.0
        }
      },
      {
        "0": {
          "local_mAP50": 0.0,
          "local_mAP50-95": 0.0,
          "local_Prec": 0.0,
          "local_Rec": 0.0
        },
        "1": {
          "local_mAP50": 0.0,
          "local_mAP50-95": 0.0,
          "local_Prec": 0.0,
          "local_Rec": 0.0
        },
        "2": {
          "local_mAP50": 0.0,
          "local_mAP50-95": 0.0,
          "local_Prec": 0.0,
          "local_Rec": 0.0
        },
        "3": {
          "local_mAP50": 0.0,
          "local_mAP50-95": 0.0,
          "local_Prec": 0.0,
          "local_Rec": 0.0
        },
        "4": {
          "local_mAP50": 0.0,
          "local_mAP50-95": 0.0,
          "local_Prec": 0.0,
          "local_Rec": 0.0
        },
        "5": {
          "local_mAP50": 0.0,
          "local_mAP50-95": 0.0,
          "local_Prec": 0.0,
          "local_Rec": 0.0
        },
        "6": {
          "local_mAP50": 0.0,
          "local_mAP50-95": 0.0,
          "local_Prec": 0.0,
          "local_Rec": 0.0
        },
        "7": {
          "local_mAP50": 0.0,
          "local_mAP50-95": 0.0,
          "local_Prec": 0.0,
          "local_Rec": 0.0
        },
        "9": {
          "local_mAP50": 0.0,
          "local_mAP50-95": 0.0,
          "local_Prec": 0.0,
          "local_Rec": 0.0
        }
      }
    ],
    "kd_active": [
      true,
      true,
      true
    ],
    "kd_epochs": [
      2,
      2,
      2
    ],
    "kd_kl": [
      23341.968918615108,
      19622.407799151304,
      17317.237634892088
    ],
    "kd_hidden": [
      0.5221635359439918,
      0.5187226622867928,
      0.5172133556158423
    ],
    "kd_attn": [
      0.04061501741864913,
      0.04150301457898651,
      0.039471439106001274
    ],
    "kd_weighted": [
      387.94515365490815,
      320.4292171121501,
      280.95517862443444
    ],
    "kd_last_epoch": [
      {
        "epoch": 2,
        "kl": 21824.36762308903,
        "hidden": 0.5219246755829818,
        "attn": 0.042525754115885966,
        "weighted": 359.3565805558678,
        "batches": 139
      },
      {
        "epoch": 2,
        "kl": 18791.982738028328,
        "hidden": 0.5189449195381549,
        "attn": 0.041237112228497325,
        "weighted": 306.6901740204516,
        "batches": 139
      },
      {
        "epoch": 2,
        "kl": 16695.1813314973,
        "hidden": 0.5179752231501847,
        "attn": 0.039160259965834,
        "weighted": 271.2021605128007,
        "batches": 139
      }
    ],
    "kd_epoch_history": [
      [
        {
          "epoch": 1,
          "kl": 24859.570214141186,
          "hidden": 0.5224023963050018,
          "attn": 0.03870428072141229,
          "weighted": 416.53372675394843,