{
  "metadata": {
    "task": "2D",
    "baseline": "fedkdl",
    "rounds": 1,
    "lora_rank": 8,
    "N": 10,
    "dataset": "URPC",
    "alpha": "2p0",
    "seed": 42,
    "topo_path": "environments/2d/topo/N_10/topo_N10_seed42.pkl",
    "data_path": "environments/2d/data/URPC/N_10/data_N10_URPC_a2p0_seed42.pkl",
    "artifacts": {
      "json_path": "/data/nam_nh225051_hust/FedKDL/results/logs_kdl/log_N10_URPC_a2p0_fedkdl_seed42.json",
      "stdout_log_path": "/data/nam_nh225051_hust/FedKDL/results/train_logs/kdl/log_N10_URPC_a2p0_fedkdl_seed42.stdout.log"
    }
  },
  "metrics": {
    "round": [
      1
    ],
    "loss": [
      6.4552725
    ],
    "alive": [
      8
    ],
    "tau_round_s": [
      1977.6210943488518
    ],
    "tau_s2f": [
      78.41728088101435
    ],
    "tau_f2f": [
      309.45217212384
    ],
    "tau_f2g": [
      309.7138134678374
    ],
    "tau_comp": [
      1589.49
    ],
    "tau_cumul_s": [
      1977.6210943488518
    ],
    "avg_payload_kb": [
      131.29296875
    ],
    "payload_cumul_kb": [
      131.29296875
    ],
    "e_total": [
      131.12802719172169
    ],
    "e_s2f": [
      32.01306666808571
    ],
    "e_f2f": [
      15.791874800582036
    ],
    "e_f2g": [
      32.349785723053955
    ],
    "e_comp": [
      50.973299999999995
    ],
    "e_cumul": [
      131.12802719172169
    ],
    "lambda_e": [
      0.001
    ],
    "lambda_tau": [
      0.001
    ],
    "joint_cost_round": [
      8.564021621540574
    ],
    "joint_cost_cumul": [
      8.564021621540574
    ],
    "sensor_train_metrics": [
      {
        "0": {
          "local_mAP50-95": 0.00012219486665914983,
          "local_mAP50": 0.00033534824756397265,
          "local_Prec": 0.0009702871209842348,
          "local_Rec": 0.04294815118106785
        },
        "1": {
          "local_mAP50-95": 0.0021641433829027337,
          "local_mAP50": 0.0035226736653379788,
          "local_Prec": 0.0028755752385485694,
          "local_Rec": 0.05206218463788438
        },
        "2": {
          "local_mAP50-95": 0.0008577814198593075,
          "local_mAP50": 0.0018180454645212632,
          "local_Prec": 0.005657854811588048,
          "local_Rec": 0.031363452178279114
        },
        "4": {
          "local_mAP50-95": 3.2681052017941286e-05,
          "local_mAP50": 8.218598167848142e-05,
          "local_Prec": 0.0005165543408730636,
          "local_Rec": 0.01476963487229624
        },
        "5": {
          "local_mAP50-95": 8.116654112316146e-05,
          "local_mAP50": 0.00014404201066405304,
          "local_Prec": 0.0007656378492446212,
          "local_Rec": 0.03329311065018869
        },
        "6": {
          "local_mAP50-95": 1.2045450557646748e-05,
          "local_mAP50": 3.126326291534291e-05,
          "local_Prec": 0.000830473557160902,
          "local_Rec": 0.0208842668440305
        },
        "7": {
          "local_mAP50-95": 4.111504515599343e-06,
          "local_mAP50": 1.3020833333333332e-05,
          "local_Prec": 8.84486113568017e-05,
          "local_Rec": 0.0015923566878980893
        },
        "9": {
          "local_mAP50-95": 0.00033222936167218295,
          "local_mAP50": 0.0009325619221783582,
          "local_Prec": 0.0020103978023575412,
          "local_Rec": 0.03889548952610339
        }
      }
    ],
    "mAP50-95": [
      0.2631987127616086
    ],
    "mAP50": [
      0.5116164430018679
    ],
    "Prec": [
      0.6603053052297407
    ],
    "Rec": [
      0.45821567217125403
    ],
    "Train_Loss": [
      6.4552725
    ],
    "Participation": [
      0.8
    ],
    "energy_cumul_J": [
      131.12802719172169
    ]
  },
  "latency_history": {
    "round": [
      1
    ],
    "tau_round_s": [
      1977.6210943488518
    ],
    "tau_cumul_s": [
      1977.6210943488518
    ],
    "tau_s2f": [
      78.41728088101435
    ],
    "tau_f2f": [
      309.45217212384
    ],
    "tau_f2g": [
      309.7138134678374
    ],
    "tau_comp": [
      1589.49
    ]
  },
  "energy_consumption": {
    "round": [
      1
    ],
    "e_s2f": [
      32.01306666808571
    ],
    "e_f2f": [
      15.791874800582036
    ],
    "e_f2g": [
      32.349785723053955
    ],
    "e_comp": [
      50.973299999999995
    ],
    "round_total": [
      131.12802719172169
    ],
    "cumulative_total": [
      131.12802719172169
    ]
  }
}