{
  "metadata": {
    "task": "2D",
    "baseline": "fedavg_kdl",
    "rounds": 1,
    "lora_rank": 8,
    "N": 10,
    "dataset": "URPC",
    "alpha": "2p0",
    "seed": 42,
    "topo_path": "environments/2d/topo/N_10/topo_N10_seed42.pkl",
    "data_path": "environments/2d/data/URPC/N_10/data_N10_URPC_a2p0_seed42.pkl",
    "artifacts": {
      "json_path": "/data/nam_nh225051_hust/FedKDL/results/logs_kdl/log_N10_URPC_a2p0_fedavg_kdl_seed42.json",
      "stdout_log_path": "/data/nam_nh225051_hust/FedKDL/results/train_logs/kdl/log_N10_URPC_a2p0_fedavg_kdl_seed42.stdout.log"
    }
  },
  "metrics": {
    "round": [
      1
    ],
    "loss": [
      6.4323025000000005
    ],
    "alive": [
      8
    ],
    "tau_round_s": [
      1977.6210943488518
    ],
    "tau_s2f": [
      78.41728088101435
    ],
    "tau_f2f": [
      0.0
    ],
    "tau_f2g": [
      309.7138134678374
    ],
    "tau_comp": [
      1589.49
    ],
    "tau_cumul_s": [
      1977.6210943488518
    ],
    "avg_payload_kb": [
      131.29296875
    ],
    "payload_cumul_kb": [
      131.29296875
    ],
    "e_total": [
      115.33615239113966
    ],
    "e_s2f": [
      32.01306666808571
    ],
    "e_f2f": [
      0.0
    ],
    "e_f2g": [
      32.349785723053955
    ],
    "e_comp": [
      50.973299999999995
    ],
    "e_cumul": [
      115.33615239113966
    ],
    "lambda_e": [
      0.001
    ],
    "lambda_tau": [
      0.001
    ],
    "joint_cost_round": [
      8.525259746739993
    ],
    "joint_cost_cumul": [
      8.525259746739993
    ],
    "sensor_train_metrics": [
      {
        "0": {
          "local_mAP50-95": 9.240195231959719e-05,
          "local_mAP50": 0.00029203603987878785,
          "local_Prec": 0.0013466288326474368,
          "local_Rec": 0.053197505413778906
        },
        "1": {
          "local_mAP50-95": 0.000727832414538813,
          "local_mAP50": 0.001387451779025528,
          "local_Prec": 0.0010333172343362674,
          "local_Rec": 0.024222612015706566
        },
        "2": {
          "local_mAP50-95": 0.01766200248663353,
          "local_mAP50": 0.040407304509193914,
          "local_Prec": 0.09190460813306592,
          "local_Rec": 0.06238180570149268
        },
        "4": {
          "local_mAP50-95": 0.0011957912134941539,
          "local_mAP50": 0.002390233084179392,
          "local_Prec": 0.0020217451455139734,
          "local_Rec": 0.06746383025274603
        },
        "5": {
          "local_mAP50-95": 5.3935227398355806e-05,
          "local_mAP50": 0.00013479210879113656,
          "local_Prec": 0.000606647701959228,
          "local_Rec": 0.02636250288076513
        },
        "6": {
          "local_mAP50-95": 0.005686632909252547,
          "local_mAP50": 0.013873166216129095,
          "local_Prec": 0.007225394903017141,
          "local_Rec": 0.23197674234188354
        },
        "7": {
          "local_mAP50-95": 4.111504515599343e-06,
          "local_mAP50": 1.3020833333333332e-05,
          "local_Prec": 8.84486113568017e-05,
          "local_Rec": 0.0015923566878980893
        },
        "9": {
          "local_mAP50-95": 0.0005925372017451901,
          "local_mAP50": 0.0019460014172162368,
          "local_Prec": 0.003331975209754338,
          "local_Rec": 0.10074273706101136
        }
      }
    ],
    "mAP50-95": [
      0.2620868882957713
    ],
    "mAP50": [
      0.5112501245511989
    ],
    "Prec": [
      0.6924888853690085
    ],
    "Rec": [
      0.44703508923550017
    ],
    "Train_Loss": [
      6.4323025000000005
    ],
    "Participation": [
      0.8
    ],
    "energy_cumul_J": [
      115.33615239113966
    ]
  },
  "latency_history": {
    "round": [
      1
    ],
    "tau_round_s": [
      1977.6210943488518
    ],
    "tau_cumul_s": [
      1977.6210943488518
    ],
    "tau_s2f": [
      78.41728088101435
    ],
    "tau_f2f": [
      0.0
    ],
    "tau_f2g": [
      309.7138134678374
    ],
    "tau_comp": [
      1589.49
    ]
  },
  "energy_consumption": {
    "round": [
      1
    ],
    "e_s2f": [
      32.01306666808571
    ],
    "e_f2f": [
      0.0
    ],
    "e_f2g": [
      32.349785723053955
    ],
    "e_comp": [
      50.973299999999995
    ],
    "round_total": [
      115.33615239113966
    ],
    "cumulative_total": [
      115.33615239113966
    ]
  }
}